{"setosa": {"precision": 1.0, "recall": 1.0, "f1-score": 1.0, "support": 50.0}, "versicolor": {"precision": 0.9375, "recall": 0.9, "f1-score": 0.9183673469387755, "support": 50.0}, "virginica": {"precision": 0.9038461538461539, "recall": 0.94, "f1-score": 0.9215686274509803, "support": 50.0}, "accuracy": 0.9466666666666667, "macro avg": {"precision": 0.9471153846153846, "recall": 0.9466666666666667, "f1-score": 0.9466453247965853, "support": 150.0}, "weighted avg": {"precision": 0.9471153846153846, "recall": 0.9466666666666667, "f1-score": 0.9466453247965854, "support": 150.0}}